{
    "Class": "Guardian",
    "Level": 105.0,
    "Stats": {
        "Morale": 22081.623047,
        "InCombatMoraleRegeneration": 1986.960068,
        "NonCombatMoraleRegeneration": 19869.60022,
        "Power": 875.599976,
        "InCombatPowerRegeneration": 525.0,
        "NonCombatPowerRegeneration": 3170.999908,
        "Armour": 3519.0,
        "Might": 1962.0,
        "Agility": 120.0,
        "Vitality": 2743.0,
        "Will": 290.0,
        "Fate": 505.0,
        "CriticalRatingMelee": 3282.06665,
        "CriticalRatingRange": 3282.06665,
        "CriticalRatingTactical": 3282.06665,
        "FinesseRating": 410.0,
        "PhysicalMasteryRatingMelee": 9136.761719,
        "PhysicalMasteryRatingRange": 9136.761719,
        "TacticalMasteryRating": 432.762238,
        "OutgoingHealingRating": 6848.762207,
        "ResistanceRating": 2485.199951,
        "CriticalDefenceRating": 2579.350098,
        "IncomingHealingRating": 3919.823242,
        "BlockChanceRating": 5857.82666,
        "PartialBlockChanceRating": 5857.82666,
        "PartialBlockMitigationRating": 5857.82666,
        "ParryChanceRating": 6335.679688,
        "PartialParryChanceRating": 6335.679688,
        "PartialParryMitigationRating": 6335.679688,
        "EvadeChanceRating": 1465.233398,
        "PartialEvadeChanceRating": 1465.233398,
        "PartialEvadeMitigationRating": 1465.233398,
        "PhysicalMitigationRating": 5279.810059,
        "TacticalMitigationRating": 7693.379883
    },
    "ExtraStats": {}
}